<metadata xml:lang="en"><Esri><CreaDate>20190821</CreaDate><CreaTime>11151400</CreaTime><ArcGISFormat>1.0</ArcGISFormat><SyncOnce>FALSE</SyncOnce><DataProperties><itemProps><itemLocation><linkage Sync="TRUE">file://\\gsweb01\giszipfiles\shapefiles\TRN_ATP_PEDESTRIAN_EXPERIENCE_INDEX_SEGMENTS.shp</linkage><protocol Sync="TRUE">Local Area Network</protocol></itemLocation><itemName Sync="TRUE">TRN_ATP_PEDESTRIAN_EXPERIENCE_INDEX_SEGMENTS</itemName><imsContentType Sync="TRUE">002</imsContentType><nativeExtBox><westBL Sync="TRUE">2253461.100000</westBL><eastBL Sync="TRUE">2419320.600000</eastBL><southBL Sync="TRUE">6885932.800000</southBL><northBL Sync="TRUE">7066432.300000</northBL><exTypeCode Sync="TRUE">1</exTypeCode></nativeExtBox><itemSize Sync="TRUE">0.000</itemSize></itemProps><copyHistory><copy source="C:\Users\gomerso\AppData\Roaming\ESRI\Desktop10.6\ArcCatalog\fort_worth.sde\fort_worth.gis.%pei_segments" dest="\\dca-file01\50000\5623_P_NCTCOG_FortWorth\PRODUCTION\GIS\MXD\201904_April\Final_Delivery\v107\fort_worth.gdb\_pei_segments" date="20190418" time="10520700"/></copyHistory><coordRef><type Sync="TRUE">Projected</type><geogcsn Sync="TRUE">GCS_North_American_1983</geogcsn><csUnits Sync="TRUE">Linear Unit: Foot_US (0.304801)</csUnits><projcsn Sync="TRUE">NAD_1983_StatePlane_Texas_North_Central_FIPS_4202_Feet</projcsn><peXml Sync="TRUE">&lt;ProjectedCoordinateSystem xsi:type='typens:ProjectedCoordinateSystem' xmlns:xsi='http://www.w3.org/2001/XMLSchema-instance' xmlns:xs='http://www.w3.org/2001/XMLSchema' xmlns:typens='http://www.esri.com/schemas/ArcGIS/10.6'&gt;&lt;WKT&gt;PROJCS[&amp;quot;NAD_1983_StatePlane_Texas_North_Central_FIPS_4202_Feet&amp;quot;,GEOGCS[&amp;quot;GCS_North_American_1983&amp;quot;,DATUM[&amp;quot;D_North_American_1983&amp;quot;,SPHEROID[&amp;quot;GRS_1980&amp;quot;,6378137.0,298.257222101]],PRIMEM[&amp;quot;Greenwich&amp;quot;,0.0],UNIT[&amp;quot;Degree&amp;quot;,0.0174532925199433]],PROJECTION[&amp;quot;Lambert_Conformal_Conic&amp;quot;],PARAMETER[&amp;quot;False_Easting&amp;quot;,1968500.0],PARAMETER[&amp;quot;False_Northing&amp;quot;,6561666.666666666],PARAMETER[&amp;quot;Central_Meridian&amp;quot;,-98.5],PARAMETER[&amp;quot;Standard_Parallel_1&amp;quot;,32.13333333333333],PARAMETER[&amp;quot;Standard_Parallel_2&amp;quot;,33.96666666666667],PARAMETER[&amp;quot;Latitude_Of_Origin&amp;quot;,31.66666666666667],UNIT[&amp;quot;Foot_US&amp;quot;,0.3048006096012192],AUTHORITY[&amp;quot;EPSG&amp;quot;,2276]]&lt;/WKT&gt;&lt;XOrigin&gt;-123407700&lt;/XOrigin&gt;&lt;YOrigin&gt;-86123500&lt;/YOrigin&gt;&lt;XYScale&gt;35920690.11000888&lt;/XYScale&gt;&lt;ZOrigin&gt;-100000&lt;/ZOrigin&gt;&lt;ZScale&gt;10000&lt;/ZScale&gt;&lt;MOrigin&gt;-100000&lt;/MOrigin&gt;&lt;MScale&gt;10000&lt;/MScale&gt;&lt;XYTolerance&gt;0.0032808333333333331&lt;/XYTolerance&gt;&lt;ZTolerance&gt;0.001&lt;/ZTolerance&gt;&lt;MTolerance&gt;0.001&lt;/MTolerance&gt;&lt;HighPrecision&gt;true&lt;/HighPrecision&gt;&lt;WKID&gt;102738&lt;/WKID&gt;&lt;LatestWKID&gt;2276&lt;/LatestWKID&gt;&lt;/ProjectedCoordinateSystem&gt;</peXml></coordRef><lineage><Process ToolSource="c:\program files (x86)\arcgis\desktop10.3\ArcToolbox\Toolboxes\Conversion Tools.tbx\FeatureClassToFeatureClass" Date="20190821" Time="112715">FeatureClassToFeatureClass O:\20190812_TASK67787-KatyCyr\20190821_DataFromJulia\data.gdb\TRN_ATP_PEDESTRIAN_EXPERIENCE_INDEX_SEGMENTS "Database Connections\CFWGIS_DEV_OSA.sde\CFWGIS.DBO.TRN_TRANSPORTATION_PLANNING" TRN_ATP_PEDESTRIAN_EXPERIENCE_INDEX_SEGMENTS # "osm_id "osm_id" true true false 4 Long 0 0 ,First,#,O:\20190812_TASK67787-KatyCyr\20190821_DataFromJulia\data.gdb\TRN_ATP_PEDESTRIAN_EXPERIENCE_INDEX_SEGMENTS,osm_id,-1,-1;street_name "street_name" true true false 1073741822 Text 0 0 ,First,#,O:\20190812_TASK67787-KatyCyr\20190821_DataFromJulia\data.gdb\TRN_ATP_PEDESTRIAN_EXPERIENCE_INDEX_SEGMENTS,street_name,-1,-1;density "density" true true false 1073741822 Text 0 0 ,First,#,O:\20190812_TASK67787-KatyCyr\20190821_DataFromJulia\data.gdb\TRN_ATP_PEDESTRIAN_EXPERIENCE_INDEX_SEGMENTS,density,-1,-1;sidewalk_condition "sidewalk_condition" true true false 1073741822 Text 0 0 ,First,#,O:\20190812_TASK67787-KatyCyr\20190821_DataFromJulia\data.gdb\TRN_ATP_PEDESTRIAN_EXPERIENCE_INDEX_SEGMENTS,sidewalk_condition,-1,-1;sidewalk_rank "sidewalk_rank" true true false 4 Long 0 0 ,First,#,O:\20190812_TASK67787-KatyCyr\20190821_DataFromJulia\data.gdb\TRN_ATP_PEDESTRIAN_EXPERIENCE_INDEX_SEGMENTS,sidewalk_rank,-1,-1;speed_limit "speed_limit" true true false 8 Double 0 0 ,First,#,O:\20190812_TASK67787-KatyCyr\20190821_DataFromJulia\data.gdb\TRN_ATP_PEDESTRIAN_EXPERIENCE_INDEX_SEGMENTS,speed_limit,-1,-1;speed_limit_rank "speed_limit_rank" true true false 8 Double 0 0 ,First,#,O:\20190812_TASK67787-KatyCyr\20190821_DataFromJulia\data.gdb\TRN_ATP_PEDESTRIAN_EXPERIENCE_INDEX_SEGMENTS,speed_limit_rank,-1,-1;lanes "lanes" true true false 8 Double 0 0 ,First,#,O:\20190812_TASK67787-KatyCyr\20190821_DataFromJulia\data.gdb\TRN_ATP_PEDESTRIAN_EXPERIENCE_INDEX_SEGMENTS,lanes,-1,-1;lanes_rank "lanes_rank" true true false 8 Double 0 0 ,First,#,O:\20190812_TASK67787-KatyCyr\20190821_DataFromJulia\data.gdb\TRN_ATP_PEDESTRIAN_EXPERIENCE_INDEX_SEGMENTS,lanes_rank,-1,-1;bike_lane_present "bike_lane_present" true true false 8 Double 0 0 ,First,#,O:\20190812_TASK67787-KatyCyr\20190821_DataFromJulia\data.gdb\TRN_ATP_PEDESTRIAN_EXPERIENCE_INDEX_SEGMENTS,bike_lane_present,-1,-1;parking_lane_present "parking_lane_present" true true false 4 Long 0 0 ,First,#,O:\20190812_TASK67787-KatyCyr\20190821_DataFromJulia\data.gdb\TRN_ATP_PEDESTRIAN_EXPERIENCE_INDEX_SEGMENTS,parking_lane_present,-1,-1;bridge "bridge" true true false 4 Long 0 0 ,First,#,O:\20190812_TASK67787-KatyCyr\20190821_DataFromJulia\data.gdb\TRN_ATP_PEDESTRIAN_EXPERIENCE_INDEX_SEGMENTS,bridge,-1,-1;addresses "addresses" true true false 4 Long 0 0 ,First,#,O:\20190812_TASK67787-KatyCyr\20190821_DataFromJulia\data.gdb\TRN_ATP_PEDESTRIAN_EXPERIENCE_INDEX_SEGMENTS,addresses,-1,-1;addresses_rank "addresses_rank" true true false 8 Double 0 0 ,First,#,O:\20190812_TASK67787-KatyCyr\20190821_DataFromJulia\data.gdb\TRN_ATP_PEDESTRIAN_EXPERIENCE_INDEX_SEGMENTS,addresses_rank,-1,-1;block_length "block_length" true true false 8 Double 0 0 ,First,#,O:\20190812_TASK67787-KatyCyr\20190821_DataFromJulia\data.gdb\TRN_ATP_PEDESTRIAN_EXPERIENCE_INDEX_SEGMENTS,block_length,-1,-1;block_length_score "block_length_score" true true false 4 Long 0 0 ,First,#,O:\20190812_TASK67787-KatyCyr\20190821_DataFromJulia\data.gdb\TRN_ATP_PEDESTRIAN_EXPERIENCE_INDEX_SEGMENTS,block_length_score,-1,-1;block_length_rank "block_length_rank" true true false 8 Double 0 0 ,First,#,O:\20190812_TASK67787-KatyCyr\20190821_DataFromJulia\data.gdb\TRN_ATP_PEDESTRIAN_EXPERIENCE_INDEX_SEGMENTS,block_length_rank,-1,-1;midblock_crossing_present "midblock_crossing_present" true true false 8 Double 0 0 ,First,#,O:\20190812_TASK67787-KatyCyr\20190821_DataFromJulia\data.gdb\TRN_ATP_PEDESTRIAN_EXPERIENCE_INDEX_SEGMENTS,midblock_crossing_present,-1,-1;pct_bldg_setback_group_1 "pct_bldg_setback_group_1" true true false 8 Double 0 0 ,First,#,O:\20190812_TASK67787-KatyCyr\20190821_DataFromJulia\data.gdb\TRN_ATP_PEDESTRIAN_EXPERIENCE_INDEX_SEGMENTS,pct_bldg_setback_group_1,-1,-1;building_setback_rank "building_setback_rank" true true false 8 Double 0 0 ,First,#,O:\20190812_TASK67787-KatyCyr\20190821_DataFromJulia\data.gdb\TRN_ATP_PEDESTRIAN_EXPERIENCE_INDEX_SEGMENTS,building_setback_rank,-1,-1;driveway_cuts "driveway_cuts" true true false 8 Double 0 0 ,First,#,O:\20190812_TASK67787-KatyCyr\20190821_DataFromJulia\data.gdb\TRN_ATP_PEDESTRIAN_EXPERIENCE_INDEX_SEGMENTS,driveway_cuts,-1,-1;driveway_cuts_rank "driveway_cuts_rank" true true false 8 Double 0 0 ,First,#,O:\20190812_TASK67787-KatyCyr\20190821_DataFromJulia\data.gdb\TRN_ATP_PEDESTRIAN_EXPERIENCE_INDEX_SEGMENTS,driveway_cuts_rank,-1,-1;adjacent_to_park "adjacent_to_park" true true false 4 Long 0 0 ,First,#,O:\20190812_TASK67787-KatyCyr\20190821_DataFromJulia\data.gdb\TRN_ATP_PEDESTRIAN_EXPERIENCE_INDEX_SEGMENTS,adjacent_to_park,-1,-1;pedestrian_score "pedestrian_score" true true false 8 Double 0 0 ,First,#,O:\20190812_TASK67787-KatyCyr\20190821_DataFromJulia\data.gdb\TRN_ATP_PEDESTRIAN_EXPERIENCE_INDEX_SEGMENTS,pedestrian_score,-1,-1;pedestrian_quartile "pedestrian_quartile" true true false 8 Double 0 0 ,First,#,O:\20190812_TASK67787-KatyCyr\20190821_DataFromJulia\data.gdb\TRN_ATP_PEDESTRIAN_EXPERIENCE_INDEX_SEGMENTS,pedestrian_quartile,-1,-1;geom_Length "geom_Length" false true true 8 Double 0 0 ,First,#,O:\20190812_TASK67787-KatyCyr\20190821_DataFromJulia\data.gdb\TRN_ATP_PEDESTRIAN_EXPERIENCE_INDEX_SEGMENTS,geom_Length,-1,-1" #</Process><Process ToolSource="c:\program files (x86)\arcgis\desktop10.3\ArcToolbox\Toolboxes\Conversion Tools.tbx\FeatureClassToFeatureClass" Date="20190821" Time="113801">FeatureClassToFeatureClass "Database Connections\CFWGIS_DEV_OSA.sde\CFWGIS.DBO.TRN_TRANSPORTATION_PLANNING\CFWGIS.DBO.TRN_ATP_PEDESTRIAN_EXPERIENCE_INDEX_SEGMENTS" "Database Connections\CFWGIS_TEST_OSA.sde\CFWGIS.DBO.TRN_TRANSPORTATION_PLANNING" TRN_ATP_PEDESTRIAN_EXPERIENCE_INDEX_SEGMENTS # "osm_id "osm_id" true true false 4 Long 0 10 ,First,#,Database Connections\CFWGIS_DEV_OSA.sde\CFWGIS.DBO.TRN_TRANSPORTATION_PLANNING\CFWGIS.DBO.TRN_ATP_PEDESTRIAN_EXPERIENCE_INDEX_SEGMENTS,osm_id,-1,-1;street_name "street_name" true true false 1073741822 Text 0 0 ,First,#,Database Connections\CFWGIS_DEV_OSA.sde\CFWGIS.DBO.TRN_TRANSPORTATION_PLANNING\CFWGIS.DBO.TRN_ATP_PEDESTRIAN_EXPERIENCE_INDEX_SEGMENTS,street_name,-1,-1;density "density" true true false 1073741822 Text 0 0 ,First,#,Database Connections\CFWGIS_DEV_OSA.sde\CFWGIS.DBO.TRN_TRANSPORTATION_PLANNING\CFWGIS.DBO.TRN_ATP_PEDESTRIAN_EXPERIENCE_INDEX_SEGMENTS,density,-1,-1;sidewalk_condition "sidewalk_condition" true true false 1073741822 Text 0 0 ,First,#,Database Connections\CFWGIS_DEV_OSA.sde\CFWGIS.DBO.TRN_TRANSPORTATION_PLANNING\CFWGIS.DBO.TRN_ATP_PEDESTRIAN_EXPERIENCE_INDEX_SEGMENTS,sidewalk_condition,-1,-1;sidewalk_rank "sidewalk_rank" true true false 4 Long 0 10 ,First,#,Database Connections\CFWGIS_DEV_OSA.sde\CFWGIS.DBO.TRN_TRANSPORTATION_PLANNING\CFWGIS.DBO.TRN_ATP_PEDESTRIAN_EXPERIENCE_INDEX_SEGMENTS,sidewalk_rank,-1,-1;speed_limit "speed_limit" true true false 8 Double 8 38 ,First,#,Database Connections\CFWGIS_DEV_OSA.sde\CFWGIS.DBO.TRN_TRANSPORTATION_PLANNING\CFWGIS.DBO.TRN_ATP_PEDESTRIAN_EXPERIENCE_INDEX_SEGMENTS,speed_limit,-1,-1;speed_limit_rank "speed_limit_rank" true true false 8 Double 8 38 ,First,#,Database Connections\CFWGIS_DEV_OSA.sde\CFWGIS.DBO.TRN_TRANSPORTATION_PLANNING\CFWGIS.DBO.TRN_ATP_PEDESTRIAN_EXPERIENCE_INDEX_SEGMENTS,speed_limit_rank,-1,-1;lanes "lanes" true true false 8 Double 8 38 ,First,#,Database Connections\CFWGIS_DEV_OSA.sde\CFWGIS.DBO.TRN_TRANSPORTATION_PLANNING\CFWGIS.DBO.TRN_ATP_PEDESTRIAN_EXPERIENCE_INDEX_SEGMENTS,lanes,-1,-1;lanes_rank "lanes_rank" true true false 8 Double 8 38 ,First,#,Database Connections\CFWGIS_DEV_OSA.sde\CFWGIS.DBO.TRN_TRANSPORTATION_PLANNING\CFWGIS.DBO.TRN_ATP_PEDESTRIAN_EXPERIENCE_INDEX_SEGMENTS,lanes_rank,-1,-1;bike_lane_present "bike_lane_present" true true false 8 Double 8 38 ,First,#,Database Connections\CFWGIS_DEV_OSA.sde\CFWGIS.DBO.TRN_TRANSPORTATION_PLANNING\CFWGIS.DBO.TRN_ATP_PEDESTRIAN_EXPERIENCE_INDEX_SEGMENTS,bike_lane_present,-1,-1;parking_lane_present "parking_lane_present" true true false 4 Long 0 10 ,First,#,Database Connections\CFWGIS_DEV_OSA.sde\CFWGIS.DBO.TRN_TRANSPORTATION_PLANNING\CFWGIS.DBO.TRN_ATP_PEDESTRIAN_EXPERIENCE_INDEX_SEGMENTS,parking_lane_present,-1,-1;bridge "bridge" true true false 4 Long 0 10 ,First,#,Database Connections\CFWGIS_DEV_OSA.sde\CFWGIS.DBO.TRN_TRANSPORTATION_PLANNING\CFWGIS.DBO.TRN_ATP_PEDESTRIAN_EXPERIENCE_INDEX_SEGMENTS,bridge,-1,-1;addresses "addresses" true true false 4 Long 0 10 ,First,#,Database Connections\CFWGIS_DEV_OSA.sde\CFWGIS.DBO.TRN_TRANSPORTATION_PLANNING\CFWGIS.DBO.TRN_ATP_PEDESTRIAN_EXPERIENCE_INDEX_SEGMENTS,addresses,-1,-1;addresses_rank "addresses_rank" true true false 8 Double 8 38 ,First,#,Database Connections\CFWGIS_DEV_OSA.sde\CFWGIS.DBO.TRN_TRANSPORTATION_PLANNING\CFWGIS.DBO.TRN_ATP_PEDESTRIAN_EXPERIENCE_INDEX_SEGMENTS,addresses_rank,-1,-1;block_length "block_length" true true false 8 Double 8 38 ,First,#,Database Connections\CFWGIS_DEV_OSA.sde\CFWGIS.DBO.TRN_TRANSPORTATION_PLANNING\CFWGIS.DBO.TRN_ATP_PEDESTRIAN_EXPERIENCE_INDEX_SEGMENTS,block_length,-1,-1;block_length_score "block_length_score" true true false 4 Long 0 10 ,First,#,Database Connections\CFWGIS_DEV_OSA.sde\CFWGIS.DBO.TRN_TRANSPORTATION_PLANNING\CFWGIS.DBO.TRN_ATP_PEDESTRIAN_EXPERIENCE_INDEX_SEGMENTS,block_length_score,-1,-1;block_length_rank "block_length_rank" true true false 8 Double 8 38 ,First,#,Database Connections\CFWGIS_DEV_OSA.sde\CFWGIS.DBO.TRN_TRANSPORTATION_PLANNING\CFWGIS.DBO.TRN_ATP_PEDESTRIAN_EXPERIENCE_INDEX_SEGMENTS,block_length_rank,-1,-1;midblock_crossing_present "midblock_crossing_present" true true false 8 Double 8 38 ,First,#,Database Connections\CFWGIS_DEV_OSA.sde\CFWGIS.DBO.TRN_TRANSPORTATION_PLANNING\CFWGIS.DBO.TRN_ATP_PEDESTRIAN_EXPERIENCE_INDEX_SEGMENTS,midblock_crossing_present,-1,-1;pct_bldg_setback_group_1 "pct_bldg_setback_group_1" true true false 8 Double 8 38 ,First,#,Database Connections\CFWGIS_DEV_OSA.sde\CFWGIS.DBO.TRN_TRANSPORTATION_PLANNING\CFWGIS.DBO.TRN_ATP_PEDESTRIAN_EXPERIENCE_INDEX_SEGMENTS,pct_bldg_setback_group_1,-1,-1;building_setback_rank "building_setback_rank" true true false 8 Double 8 38 ,First,#,Database Connections\CFWGIS_DEV_OSA.sde\CFWGIS.DBO.TRN_TRANSPORTATION_PLANNING\CFWGIS.DBO.TRN_ATP_PEDESTRIAN_EXPERIENCE_INDEX_SEGMENTS,building_setback_rank,-1,-1;driveway_cuts "driveway_cuts" true true false 8 Double 8 38 ,First,#,Database Connections\CFWGIS_DEV_OSA.sde\CFWGIS.DBO.TRN_TRANSPORTATION_PLANNING\CFWGIS.DBO.TRN_ATP_PEDESTRIAN_EXPERIENCE_INDEX_SEGMENTS,driveway_cuts,-1,-1;driveway_cuts_rank "driveway_cuts_rank" true true false 8 Double 8 38 ,First,#,Database Connections\CFWGIS_DEV_OSA.sde\CFWGIS.DBO.TRN_TRANSPORTATION_PLANNING\CFWGIS.DBO.TRN_ATP_PEDESTRIAN_EXPERIENCE_INDEX_SEGMENTS,driveway_cuts_rank,-1,-1;adjacent_to_park "adjacent_to_park" true true false 4 Long 0 10 ,First,#,Database Connections\CFWGIS_DEV_OSA.sde\CFWGIS.DBO.TRN_TRANSPORTATION_PLANNING\CFWGIS.DBO.TRN_ATP_PEDESTRIAN_EXPERIENCE_INDEX_SEGMENTS,adjacent_to_park,-1,-1;pedestrian_score "pedestrian_score" true true false 8 Double 8 38 ,First,#,Database Connections\CFWGIS_DEV_OSA.sde\CFWGIS.DBO.TRN_TRANSPORTATION_PLANNING\CFWGIS.DBO.TRN_ATP_PEDESTRIAN_EXPERIENCE_INDEX_SEGMENTS,pedestrian_score,-1,-1;pedestrian_quartile "pedestrian_quartile" true true false 8 Double 8 38 ,First,#,Database Connections\CFWGIS_DEV_OSA.sde\CFWGIS.DBO.TRN_TRANSPORTATION_PLANNING\CFWGIS.DBO.TRN_ATP_PEDESTRIAN_EXPERIENCE_INDEX_SEGMENTS,pedestrian_quartile,-1,-1;geom_Length "geom_Length" true true false 8 Double 8 38 ,First,#,Database Connections\CFWGIS_DEV_OSA.sde\CFWGIS.DBO.TRN_TRANSPORTATION_PLANNING\CFWGIS.DBO.TRN_ATP_PEDESTRIAN_EXPERIENCE_INDEX_SEGMENTS,geom_Length,-1,-1;Shape_STLength() "Shape_STLength()" false false true 0 Double 0 0 ,First,#,Database Connections\CFWGIS_DEV_OSA.sde\CFWGIS.DBO.TRN_TRANSPORTATION_PLANNING\CFWGIS.DBO.TRN_ATP_PEDESTRIAN_EXPERIENCE_INDEX_SEGMENTS,Shape.STLength(),-1,-1" #</Process><Process ToolSource="c:\program files (x86)\arcgis\desktop10.3\ArcToolbox\Toolboxes\Conversion Tools.tbx\FeatureClassToFeatureClass" Date="20190821" Time="172303">FeatureClassToFeatureClass "Database Connections\CFWGIS_TEST_OSA.sde\CFWGIS.DBO.TRN_TRANSPORTATION_PLANNING\CFWGIS.DBO.TRN_ATP_PEDESTRIAN_EXPERIENCE_INDEX_SEGMENTS" "Database Connections\CFWGIS_PROD_OSA.sde\CFWGIS.DBO.TRN_TRANSPORTATION_PLANNING" TRN_ATP_PEDESTRIAN_EXPERIENCE_INDEX_SEGMENTS # "osm_id "osm_id" true true false 4 Long 0 10 ,First,#,Database Connections\CFWGIS_TEST_OSA.sde\CFWGIS.DBO.TRN_TRANSPORTATION_PLANNING\CFWGIS.DBO.TRN_ATP_PEDESTRIAN_EXPERIENCE_INDEX_SEGMENTS,osm_id,-1,-1;street_name "street_name" true true false 1073741822 Text 0 0 ,First,#,Database Connections\CFWGIS_TEST_OSA.sde\CFWGIS.DBO.TRN_TRANSPORTATION_PLANNING\CFWGIS.DBO.TRN_ATP_PEDESTRIAN_EXPERIENCE_INDEX_SEGMENTS,street_name,-1,-1;density "density" true true false 1073741822 Text 0 0 ,First,#,Database Connections\CFWGIS_TEST_OSA.sde\CFWGIS.DBO.TRN_TRANSPORTATION_PLANNING\CFWGIS.DBO.TRN_ATP_PEDESTRIAN_EXPERIENCE_INDEX_SEGMENTS,density,-1,-1;sidewalk_condition "sidewalk_condition" true true false 1073741822 Text 0 0 ,First,#,Database Connections\CFWGIS_TEST_OSA.sde\CFWGIS.DBO.TRN_TRANSPORTATION_PLANNING\CFWGIS.DBO.TRN_ATP_PEDESTRIAN_EXPERIENCE_INDEX_SEGMENTS,sidewalk_condition,-1,-1;sidewalk_rank "sidewalk_rank" true true false 4 Long 0 10 ,First,#,Database Connections\CFWGIS_TEST_OSA.sde\CFWGIS.DBO.TRN_TRANSPORTATION_PLANNING\CFWGIS.DBO.TRN_ATP_PEDESTRIAN_EXPERIENCE_INDEX_SEGMENTS,sidewalk_rank,-1,-1;speed_limit "speed_limit" true true false 8 Double 8 38 ,First,#,Database Connections\CFWGIS_TEST_OSA.sde\CFWGIS.DBO.TRN_TRANSPORTATION_PLANNING\CFWGIS.DBO.TRN_ATP_PEDESTRIAN_EXPERIENCE_INDEX_SEGMENTS,speed_limit,-1,-1;speed_limit_rank "speed_limit_rank" true true false 8 Double 8 38 ,First,#,Database Connections\CFWGIS_TEST_OSA.sde\CFWGIS.DBO.TRN_TRANSPORTATION_PLANNING\CFWGIS.DBO.TRN_ATP_PEDESTRIAN_EXPERIENCE_INDEX_SEGMENTS,speed_limit_rank,-1,-1;lanes "lanes" true true false 8 Double 8 38 ,First,#,Database Connections\CFWGIS_TEST_OSA.sde\CFWGIS.DBO.TRN_TRANSPORTATION_PLANNING\CFWGIS.DBO.TRN_ATP_PEDESTRIAN_EXPERIENCE_INDEX_SEGMENTS,lanes,-1,-1;lanes_rank "lanes_rank" true true false 8 Double 8 38 ,First,#,Database Connections\CFWGIS_TEST_OSA.sde\CFWGIS.DBO.TRN_TRANSPORTATION_PLANNING\CFWGIS.DBO.TRN_ATP_PEDESTRIAN_EXPERIENCE_INDEX_SEGMENTS,lanes_rank,-1,-1;bike_lane_present "bike_lane_present" true true false 8 Double 8 38 ,First,#,Database Connections\CFWGIS_TEST_OSA.sde\CFWGIS.DBO.TRN_TRANSPORTATION_PLANNING\CFWGIS.DBO.TRN_ATP_PEDESTRIAN_EXPERIENCE_INDEX_SEGMENTS,bike_lane_present,-1,-1;parking_lane_present "parking_lane_present" true true false 4 Long 0 10 ,First,#,Database Connections\CFWGIS_TEST_OSA.sde\CFWGIS.DBO.TRN_TRANSPORTATION_PLANNING\CFWGIS.DBO.TRN_ATP_PEDESTRIAN_EXPERIENCE_INDEX_SEGMENTS,parking_lane_present,-1,-1;bridge "bridge" true true false 4 Long 0 10 ,First,#,Database Connections\CFWGIS_TEST_OSA.sde\CFWGIS.DBO.TRN_TRANSPORTATION_PLANNING\CFWGIS.DBO.TRN_ATP_PEDESTRIAN_EXPERIENCE_INDEX_SEGMENTS,bridge,-1,-1;addresses "addresses" true true false 4 Long 0 10 ,First,#,Database Connections\CFWGIS_TEST_OSA.sde\CFWGIS.DBO.TRN_TRANSPORTATION_PLANNING\CFWGIS.DBO.TRN_ATP_PEDESTRIAN_EXPERIENCE_INDEX_SEGMENTS,addresses,-1,-1;addresses_rank "addresses_rank" true true false 8 Double 8 38 ,First,#,Database Connections\CFWGIS_TEST_OSA.sde\CFWGIS.DBO.TRN_TRANSPORTATION_PLANNING\CFWGIS.DBO.TRN_ATP_PEDESTRIAN_EXPERIENCE_INDEX_SEGMENTS,addresses_rank,-1,-1;block_length "block_length" true true false 8 Double 8 38 ,First,#,Database Connections\CFWGIS_TEST_OSA.sde\CFWGIS.DBO.TRN_TRANSPORTATION_PLANNING\CFWGIS.DBO.TRN_ATP_PEDESTRIAN_EXPERIENCE_INDEX_SEGMENTS,block_length,-1,-1;block_length_score "block_length_score" true true false 4 Long 0 10 ,First,#,Database Connections\CFWGIS_TEST_OSA.sde\CFWGIS.DBO.TRN_TRANSPORTATION_PLANNING\CFWGIS.DBO.TRN_ATP_PEDESTRIAN_EXPERIENCE_INDEX_SEGMENTS,block_length_score,-1,-1;block_length_rank "block_length_rank" true true false 8 Double 8 38 ,First,#,Database Connections\CFWGIS_TEST_OSA.sde\CFWGIS.DBO.TRN_TRANSPORTATION_PLANNING\CFWGIS.DBO.TRN_ATP_PEDESTRIAN_EXPERIENCE_INDEX_SEGMENTS,block_length_rank,-1,-1;midblock_crossing_present "midblock_crossing_present" true true false 8 Double 8 38 ,First,#,Database Connections\CFWGIS_TEST_OSA.sde\CFWGIS.DBO.TRN_TRANSPORTATION_PLANNING\CFWGIS.DBO.TRN_ATP_PEDESTRIAN_EXPERIENCE_INDEX_SEGMENTS,midblock_crossing_present,-1,-1;pct_bldg_setback_group_1 "pct_bldg_setback_group_1" true true false 8 Double 8 38 ,First,#,Database Connections\CFWGIS_TEST_OSA.sde\CFWGIS.DBO.TRN_TRANSPORTATION_PLANNING\CFWGIS.DBO.TRN_ATP_PEDESTRIAN_EXPERIENCE_INDEX_SEGMENTS,pct_bldg_setback_group_1,-1,-1;building_setback_rank "building_setback_rank" true true false 8 Double 8 38 ,First,#,Database Connections\CFWGIS_TEST_OSA.sde\CFWGIS.DBO.TRN_TRANSPORTATION_PLANNING\CFWGIS.DBO.TRN_ATP_PEDESTRIAN_EXPERIENCE_INDEX_SEGMENTS,building_setback_rank,-1,-1;driveway_cuts "driveway_cuts" true true false 8 Double 8 38 ,First,#,Database Connections\CFWGIS_TEST_OSA.sde\CFWGIS.DBO.TRN_TRANSPORTATION_PLANNING\CFWGIS.DBO.TRN_ATP_PEDESTRIAN_EXPERIENCE_INDEX_SEGMENTS,driveway_cuts,-1,-1;driveway_cuts_rank "driveway_cuts_rank" true true false 8 Double 8 38 ,First,#,Database Connections\CFWGIS_TEST_OSA.sde\CFWGIS.DBO.TRN_TRANSPORTATION_PLANNING\CFWGIS.DBO.TRN_ATP_PEDESTRIAN_EXPERIENCE_INDEX_SEGMENTS,driveway_cuts_rank,-1,-1;adjacent_to_park "adjacent_to_park" true true false 4 Long 0 10 ,First,#,Database Connections\CFWGIS_TEST_OSA.sde\CFWGIS.DBO.TRN_TRANSPORTATION_PLANNING\CFWGIS.DBO.TRN_ATP_PEDESTRIAN_EXPERIENCE_INDEX_SEGMENTS,adjacent_to_park,-1,-1;pedestrian_score "pedestrian_score" true true false 8 Double 8 38 ,First,#,Database Connections\CFWGIS_TEST_OSA.sde\CFWGIS.DBO.TRN_TRANSPORTATION_PLANNING\CFWGIS.DBO.TRN_ATP_PEDESTRIAN_EXPERIENCE_INDEX_SEGMENTS,pedestrian_score,-1,-1;pedestrian_quartile "pedestrian_quartile" true true false 8 Double 8 38 ,First,#,Database Connections\CFWGIS_TEST_OSA.sde\CFWGIS.DBO.TRN_TRANSPORTATION_PLANNING\CFWGIS.DBO.TRN_ATP_PEDESTRIAN_EXPERIENCE_INDEX_SEGMENTS,pedestrian_quartile,-1,-1;geom_Length "geom_Length" true true false 8 Double 8 38 ,First,#,Database Connections\CFWGIS_TEST_OSA.sde\CFWGIS.DBO.TRN_TRANSPORTATION_PLANNING\CFWGIS.DBO.TRN_ATP_PEDESTRIAN_EXPERIENCE_INDEX_SEGMENTS,geom_Length,-1,-1;Shape_STLength__ "Shape_STLength__" true false false 8 Double 8 38 ,First,#,Database Connections\CFWGIS_TEST_OSA.sde\CFWGIS.DBO.TRN_TRANSPORTATION_PLANNING\CFWGIS.DBO.TRN_ATP_PEDESTRIAN_EXPERIENCE_INDEX_SEGMENTS,Shape_STLength__,-1,-1;Shape_STLength() "Shape_STLength()" false false true 0 Double 0 0 ,First,#,Database Connections\CFWGIS_TEST_OSA.sde\CFWGIS.DBO.TRN_TRANSPORTATION_PLANNING\CFWGIS.DBO.TRN_ATP_PEDESTRIAN_EXPERIENCE_INDEX_SEGMENTS,Shape.STLength(),-1,-1" #</Process><Process ToolSource="c:\program files (x86)\arcgis\desktop10.6\ArcToolbox\Toolboxes\Data Management Tools.tbx\CopyFeatures" Date="20240210" Time="200331">CopyFeatures "Database Connections\CFWGIS_PROD_OSA.sde\CFWGIS.DBO.TRN_ATP_PEDESTRIAN_EXPERIENCE_INDEX_SEGMENTS" \\gsweb01\giszipfiles\shapefiles\TRN_ATP_PEDESTRIAN_EXPERIENCE_INDEX_SEGMENTS.shp # 0 0 0</Process></lineage></DataProperties><SyncDate>20240210</SyncDate><SyncTime>20030000</SyncTime><ModDate>20240210</ModDate><ModTime>20030000</ModTime><scaleRange><minScale>150000000</minScale><maxScale>5000</maxScale></scaleRange><ArcGISProfile>ItemDescription</ArcGISProfile></Esri><dataIdInfo><envirDesc Sync="TRUE"> Version 6.2 (Build 9200) ; Esri ArcGIS 10.6.1.9270</envirDesc><dataLang><languageCode value="eng" Sync="TRUE"/><countryCode value="USA" Sync="TRUE"/></dataLang><idCitation><resTitle Sync="TRUE">TRN_ATP_PEDESTRIAN_EXPERIENCE_INDEX_SEGMENTS</resTitle><presForm><PresFormCd value="005" Sync="TRUE"/></presForm></idCitation><spatRpType><SpatRepTypCd value="001" Sync="TRUE"/></spatRpType><dataExt><geoEle xmlns=""><GeoBndBox esriExtentType="search"><exTypeCode Sync="TRUE">1</exTypeCode><westBL Sync="TRUE">-97.575115</westBL><eastBL Sync="TRUE">-97.028644</eastBL><northBL Sync="TRUE">33.050640</northBL><southBL Sync="TRUE">32.549335</southBL></GeoBndBox></geoEle></dataExt><idCredit>Toole Design Group, 2019-04-18. Galen Omerso. gomerso@tooledesign.com</idCredit><idPurp>The Pedestrian Experience Index assess pedestrian comfort based on existing infrastructure and built form datasets. For full details on calculations, please see the Pedestrian Experience Index Memo in the 2019 Active Transportation Plan</idPurp><idAbs>&lt;DIV STYLE="text-align:Left;"&gt;&lt;TABLE STYLE="margin:0 0 0 0;"&gt;&lt;TBODY&gt;&lt;TR&gt;&lt;TD STYLE="padding:0 0 0 0;"&gt;&lt;P STYLE="font-weight:bold;margin:0 0 0 0;"&gt;&lt;SPAN&gt;&lt;SPAN&gt;Attribute Column&lt;/SPAN&gt;&lt;/SPAN&gt;&lt;/P&gt;&lt;/TD&gt;&lt;TD STYLE="padding:0 0 0 0;"&gt;&lt;P STYLE="font-weight:bold;margin:0 0 0 0;"&gt;&lt;SPAN&gt;&lt;SPAN&gt;Description&lt;/SPAN&gt;&lt;/SPAN&gt;&lt;/P&gt;&lt;/TD&gt;&lt;/TR&gt;&lt;TR&gt;&lt;TD STYLE="padding:0 0 0 0;"&gt;&lt;P STYLE="margin:0 0 0 0;"&gt;&lt;SPAN&gt;&lt;SPAN&gt;id&lt;/SPAN&gt;&lt;/SPAN&gt;&lt;/P&gt;&lt;/TD&gt;&lt;TD STYLE="padding:0 0 0 0;"&gt;&lt;P STYLE="margin:0 0 0 0;"&gt;&lt;SPAN&gt;&lt;SPAN&gt;primary key&lt;/SPAN&gt;&lt;/SPAN&gt;&lt;/P&gt;&lt;/TD&gt;&lt;/TR&gt;&lt;TR&gt;&lt;TD STYLE="padding:0 0 0 0;"&gt;&lt;P STYLE="margin:0 0 0 0;"&gt;&lt;SPAN&gt;&lt;SPAN&gt;osm_id&lt;/SPAN&gt;&lt;/SPAN&gt;&lt;/P&gt;&lt;/TD&gt;&lt;TD STYLE="padding:0 0 0 0;"&gt;&lt;P STYLE="margin:0 0 0 0;"&gt;&lt;SPAN&gt;&lt;SPAN&gt;osm_id&lt;/SPAN&gt;&lt;/SPAN&gt;&lt;/P&gt;&lt;/TD&gt;&lt;/TR&gt;&lt;TR&gt;&lt;TD STYLE="padding:0 0 0 0;"&gt;&lt;P STYLE="margin:0 0 0 0;"&gt;&lt;SPAN&gt;&lt;SPAN&gt;street_name&lt;/SPAN&gt;&lt;/SPAN&gt;&lt;/P&gt;&lt;/TD&gt;&lt;TD STYLE="padding:0 0 0 0;"&gt;&lt;P STYLE="margin:0 0 0 0;"&gt;&lt;SPAN&gt;&lt;SPAN&gt;street name from OSM&lt;/SPAN&gt;&lt;/SPAN&gt;&lt;/P&gt;&lt;/TD&gt;&lt;/TR&gt;&lt;TR&gt;&lt;TD STYLE="padding:0 0 0 0;"&gt;&lt;P STYLE="margin:0 0 0 0;"&gt;&lt;SPAN&gt;&lt;SPAN&gt;density&lt;/SPAN&gt;&lt;/SPAN&gt;&lt;/P&gt;&lt;/TD&gt;&lt;TD STYLE="padding:0 0 0 0;"&gt;&lt;P STYLE="margin:0 0 0 0;"&gt;&lt;SPAN&gt;&lt;SPAN&gt;urban/low density. Urban segments are scored based on both infrastructure and built form factors, while low density are only scored based on infrastructure.&lt;/SPAN&gt;&lt;/SPAN&gt;&lt;/P&gt;&lt;/TD&gt;&lt;/TR&gt;&lt;TR&gt;&lt;TD STYLE="padding:0 0 0 0;"&gt;&lt;P STYLE="margin:0 0 0 0;"&gt;&lt;SPAN&gt;&lt;SPAN&gt;sidewalk_conditon&lt;/SPAN&gt;&lt;/SPAN&gt;&lt;/P&gt;&lt;/TD&gt;&lt;TD STYLE="padding:0 0 0 0;"&gt;&lt;P STYLE="margin:0 0 0 0;"&gt;&lt;SPAN&gt;&lt;SPAN&gt;Condition of sidewalk (Good, Fair, Poor, Missing)&lt;/SPAN&gt;&lt;/SPAN&gt;&lt;/P&gt;&lt;/TD&gt;&lt;/TR&gt;&lt;TR&gt;&lt;TD STYLE="padding:0 0 0 0;"&gt;&lt;P STYLE="margin:0 0 0 0;"&gt;&lt;SPAN&gt;&lt;SPAN&gt;sidewalk_rank&lt;/SPAN&gt;&lt;/SPAN&gt;&lt;/P&gt;&lt;/TD&gt;&lt;TD STYLE="padding:0 0 0 0;"&gt;&lt;P STYLE="margin:0 0 0 0;"&gt;&lt;SPAN&gt;&lt;SPAN&gt;score based on sidewalk condition&lt;/SPAN&gt;&lt;/SPAN&gt;&lt;/P&gt;&lt;/TD&gt;&lt;/TR&gt;&lt;TR&gt;&lt;TD STYLE="padding:0 0 0 0;"&gt;&lt;P STYLE="margin:0 0 0 0;"&gt;&lt;SPAN&gt;&lt;SPAN&gt;speed_limit&lt;/SPAN&gt;&lt;/SPAN&gt;&lt;/P&gt;&lt;/TD&gt;&lt;TD STYLE="padding:0 0 0 0;"&gt;&lt;P STYLE="margin:0 0 0 0;"&gt;&lt;SPAN&gt;&lt;SPAN&gt;speed limits from updated speed limit data received from CoFW on 5/17/2018&lt;/SPAN&gt;&lt;/SPAN&gt;&lt;/P&gt;&lt;/TD&gt;&lt;/TR&gt;&lt;TR&gt;&lt;TD STYLE="padding:0 0 0 0;"&gt;&lt;P STYLE="margin:0 0 0 0;"&gt;&lt;SPAN&gt;&lt;SPAN&gt;speed_limit rank&lt;/SPAN&gt;&lt;/SPAN&gt;&lt;/P&gt;&lt;/TD&gt;&lt;TD STYLE="padding:0 0 0 0;"&gt;&lt;P STYLE="margin:0 0 0 0;"&gt;&lt;SPAN&gt;&lt;SPAN&gt;score based on speed limit&lt;/SPAN&gt;&lt;/SPAN&gt;&lt;/P&gt;&lt;/TD&gt;&lt;/TR&gt;&lt;TR&gt;&lt;TD STYLE="padding:0 0 0 0;"&gt;&lt;P STYLE="margin:0 0 0 0;"&gt;&lt;SPAN&gt;&lt;SPAN&gt;lanes&lt;/SPAN&gt;&lt;/SPAN&gt;&lt;/P&gt;&lt;/TD&gt;&lt;TD STYLE="padding:0 0 0 0;"&gt;&lt;P STYLE="margin:0 0 0 0;"&gt;&lt;SPAN&gt;&lt;SPAN&gt;lanes taken from PMAStreets&lt;/SPAN&gt;&lt;/SPAN&gt;&lt;/P&gt;&lt;/TD&gt;&lt;/TR&gt;&lt;TR&gt;&lt;TD STYLE="padding:0 0 0 0;"&gt;&lt;P STYLE="margin:0 0 0 0;"&gt;&lt;SPAN&gt;&lt;SPAN&gt;lanes_rank&lt;/SPAN&gt;&lt;/SPAN&gt;&lt;/P&gt;&lt;/TD&gt;&lt;TD STYLE="padding:0 0 0 0;"&gt;&lt;P STYLE="margin:0 0 0 0;"&gt;&lt;SPAN&gt;&lt;SPAN&gt;score based on number of lanes&lt;/SPAN&gt;&lt;/SPAN&gt;&lt;/P&gt;&lt;/TD&gt;&lt;/TR&gt;&lt;TR&gt;&lt;TD STYLE="padding:0 0 0 0;"&gt;&lt;P STYLE="margin:0 0 0 0;"&gt;&lt;SPAN&gt;&lt;SPAN&gt;bike_lane_present&lt;/SPAN&gt;&lt;/SPAN&gt;&lt;/P&gt;&lt;/TD&gt;&lt;TD STYLE="padding:0 0 0 0;"&gt;&lt;P STYLE="margin:0 0 0 0;"&gt;&lt;SPAN&gt;&lt;SPAN&gt;binary. Is there a bike lane present&lt;/SPAN&gt;&lt;/SPAN&gt;&lt;/P&gt;&lt;/TD&gt;&lt;/TR&gt;&lt;TR&gt;&lt;TD STYLE="padding:0 0 0 0;"&gt;&lt;P STYLE="margin:0 0 0 0;"&gt;&lt;SPAN&gt;&lt;SPAN&gt;parking_lane&lt;/SPAN&gt;&lt;/SPAN&gt;&lt;/P&gt;&lt;/TD&gt;&lt;TD STYLE="padding:0 0 0 0;"&gt;&lt;P STYLE="margin:0 0 0 0;"&gt;&lt;SPAN&gt;&lt;SPAN&gt;binary. Is there a parking lane present?&lt;/SPAN&gt;&lt;/SPAN&gt;&lt;/P&gt;&lt;/TD&gt;&lt;/TR&gt;&lt;TR&gt;&lt;TD STYLE="padding:0 0 0 0;"&gt;&lt;P STYLE="margin:0 0 0 0;"&gt;&lt;SPAN&gt;&lt;SPAN&gt;bridge&lt;/SPAN&gt;&lt;/SPAN&gt;&lt;/P&gt;&lt;/TD&gt;&lt;TD STYLE="padding:0 0 0 0;"&gt;&lt;P STYLE="margin:0 0 0 0;"&gt;&lt;SPAN&gt;&lt;SPAN&gt;binary. Is this a bridge?&lt;/SPAN&gt;&lt;/SPAN&gt;&lt;/P&gt;&lt;/TD&gt;&lt;/TR&gt;&lt;TR&gt;&lt;TD STYLE="padding:0 0 0 0;"&gt;&lt;P STYLE="margin:0 0 0 0;"&gt;&lt;SPAN&gt;&lt;SPAN&gt;addresses&lt;/SPAN&gt;&lt;/SPAN&gt;&lt;/P&gt;&lt;/TD&gt;&lt;TD STYLE="padding:0 0 0 0;"&gt;&lt;P STYLE="margin:0 0 0 0;"&gt;&lt;SPAN&gt;&lt;SPAN&gt;Count of address points along block.&lt;/SPAN&gt;&lt;/SPAN&gt;&lt;/P&gt;&lt;/TD&gt;&lt;/TR&gt;&lt;TR&gt;&lt;TD STYLE="padding:0 0 0 0;"&gt;&lt;P STYLE="margin:0 0 0 0;"&gt;&lt;SPAN&gt;&lt;SPAN&gt;addresses_rank&lt;/SPAN&gt;&lt;/SPAN&gt;&lt;/P&gt;&lt;/TD&gt;&lt;TD STYLE="padding:0 0 0 0;"&gt;&lt;P STYLE="margin:0 0 0 0;"&gt;&lt;SPAN&gt;&lt;SPAN&gt;score based on number of addresses along block&lt;/SPAN&gt;&lt;/SPAN&gt;&lt;/P&gt;&lt;/TD&gt;&lt;/TR&gt;&lt;TR&gt;&lt;TD STYLE="padding:0 0 0 0;"&gt;&lt;P STYLE="margin:0 0 0 0;"&gt;&lt;SPAN&gt;&lt;SPAN&gt;block_length&lt;/SPAN&gt;&lt;/SPAN&gt;&lt;/P&gt;&lt;/TD&gt;&lt;TD STYLE="padding:0 0 0 0;"&gt;&lt;P STYLE="margin:0 0 0 0;"&gt;&lt;SPAN&gt;&lt;SPAN&gt;length of block in feet&lt;/SPAN&gt;&lt;/SPAN&gt;&lt;/P&gt;&lt;/TD&gt;&lt;/TR&gt;&lt;TR&gt;&lt;TD STYLE="padding:0 0 0 0;"&gt;&lt;P STYLE="margin:0 0 0 0;"&gt;&lt;SPAN&gt;&lt;SPAN&gt;block_length_score&lt;/SPAN&gt;&lt;/SPAN&gt;&lt;/P&gt;&lt;/TD&gt;&lt;TD STYLE="padding:0 0 0 0;"&gt;&lt;P STYLE="margin:0 0 0 0;"&gt;&lt;SPAN&gt;&lt;SPAN&gt;score based on block length&lt;/SPAN&gt;&lt;/SPAN&gt;&lt;/P&gt;&lt;/TD&gt;&lt;/TR&gt;&lt;TR&gt;&lt;TD STYLE="padding:0 0 0 0;"&gt;&lt;P STYLE="margin:0 0 0 0;"&gt;&lt;SPAN&gt;&lt;SPAN&gt;midblock_crossing_present&lt;/SPAN&gt;&lt;/SPAN&gt;&lt;/P&gt;&lt;/TD&gt;&lt;TD STYLE="padding:0 0 0 0;"&gt;&lt;P STYLE="margin:0 0 0 0;"&gt;&lt;SPAN&gt;&lt;SPAN&gt;Is there a midblock crossing to mitigate a long block.&lt;/SPAN&gt;&lt;/SPAN&gt;&lt;/P&gt;&lt;/TD&gt;&lt;/TR&gt;&lt;TR&gt;&lt;TD STYLE="padding:0 0 0 0;"&gt;&lt;P STYLE="margin:0 0 0 0;"&gt;&lt;SPAN&gt;&lt;SPAN&gt;pct_bldg_setback_group_1&lt;/SPAN&gt;&lt;/SPAN&gt;&lt;/P&gt;&lt;/TD&gt;&lt;TD STYLE="padding:0 0 0 0;"&gt;&lt;P STYLE="margin:0 0 0 0;"&gt;&lt;SPAN&gt;&lt;SPAN&gt;Percent of roadway that has building setback distance in the first quartile.&lt;/SPAN&gt;&lt;/SPAN&gt;&lt;/P&gt;&lt;/TD&gt;&lt;/TR&gt;&lt;TR&gt;&lt;TD STYLE="padding:0 0 0 0;"&gt;&lt;P STYLE="margin:0 0 0 0;"&gt;&lt;SPAN&gt;&lt;SPAN&gt;building_setback_rank&lt;/SPAN&gt;&lt;/SPAN&gt;&lt;/P&gt;&lt;/TD&gt;&lt;TD STYLE="padding:0 0 0 0;"&gt;&lt;P STYLE="margin:0 0 0 0;"&gt;&lt;SPAN&gt;&lt;SPAN&gt;score based on building setback&lt;/SPAN&gt;&lt;/SPAN&gt;&lt;/P&gt;&lt;/TD&gt;&lt;/TR&gt;&lt;TR&gt;&lt;TD STYLE="padding:0 0 0 0;"&gt;&lt;P STYLE="margin:0 0 0 0;"&gt;&lt;SPAN&gt;&lt;SPAN&gt;driveway_cuts&lt;/SPAN&gt;&lt;/SPAN&gt;&lt;/P&gt;&lt;/TD&gt;&lt;TD STYLE="padding:0 0 0 0;"&gt;&lt;P STYLE="margin:0 0 0 0;"&gt;&lt;SPAN&gt;&lt;SPAN&gt;Number of driveway cuts in the sidewalk facility.&lt;/SPAN&gt;&lt;/SPAN&gt;&lt;/P&gt;&lt;/TD&gt;&lt;/TR&gt;&lt;TR&gt;&lt;TD STYLE="padding:0 0 0 0;"&gt;&lt;P STYLE="margin:0 0 0 0;"&gt;&lt;SPAN&gt;&lt;SPAN&gt;driveway_cuts_rank&lt;/SPAN&gt;&lt;/SPAN&gt;&lt;/P&gt;&lt;/TD&gt;&lt;TD STYLE="padding:0 0 0 0;"&gt;&lt;P STYLE="margin:0 0 0 0;"&gt;&lt;SPAN&gt;&lt;SPAN&gt;score based on number of driveway cuts&lt;/SPAN&gt;&lt;/SPAN&gt;&lt;/P&gt;&lt;/TD&gt;&lt;/TR&gt;&lt;TR&gt;&lt;TD STYLE="padding:0 0 0 0;"&gt;&lt;P STYLE="margin:0 0 0 0;"&gt;&lt;SPAN&gt;&lt;SPAN&gt;pedestrian_score&lt;/SPAN&gt;&lt;/SPAN&gt;&lt;/P&gt;&lt;/TD&gt;&lt;TD STYLE="padding:0 0 0 0;"&gt;&lt;P STYLE="margin:0 0 0 0;"&gt;&lt;SPAN&gt;&lt;SPAN&gt;final PEI score&lt;/SPAN&gt;&lt;/SPAN&gt;&lt;/P&gt;&lt;/TD&gt;&lt;/TR&gt;&lt;TR&gt;&lt;TD STYLE="padding:0 0 0 0;"&gt;&lt;P STYLE="margin:0 0 0 0;"&gt;&lt;SPAN&gt;&lt;SPAN&gt;pedestrian_quartile&lt;/SPAN&gt;&lt;/SPAN&gt;&lt;/P&gt;&lt;/TD&gt;&lt;TD STYLE="padding:0 0 0 0;"&gt;&lt;P STYLE="margin:0 0 0 0;"&gt;&lt;SPAN&gt;&lt;SPAN&gt;Quartiles of final pedestrian scores&lt;/SPAN&gt;&lt;/SPAN&gt;&lt;/P&gt;&lt;/TD&gt;&lt;/TR&gt;&lt;/TBODY&gt;&lt;/TABLE&gt;&lt;DIV&gt;&lt;P&gt;&lt;SPAN /&gt;&lt;/P&gt;&lt;/DIV&gt;&lt;/DIV&gt;</idAbs><searchKeys><keyword>pedestrian</keyword><keyword>active transportation</keyword><keyword>pedestrian experience index</keyword><keyword>PEI</keyword></searchKeys></dataIdInfo><mdLang><languageCode value="eng" Sync="TRUE"/><countryCode value="USA" Sync="TRUE"/></mdLang><distInfo><distFormat><formatName Sync="TRUE">Shapefile</formatName></distFormat><distTranOps><transSize Sync="TRUE">0.000</transSize></distTranOps></distInfo><mdHrLv><ScopeCd value="005" Sync="TRUE"/></mdHrLv><mdHrLvName Sync="TRUE">dataset</mdHrLvName><refSysInfo><RefSystem><refSysID><identCode code="2276" Sync="TRUE"/><idCodeSpace Sync="TRUE">EPSG</idCodeSpace><idVersion Sync="TRUE">5.3(9.0.0)</idVersion></refSysID></RefSystem></refSysInfo><spatRepInfo><VectSpatRep><geometObjs Name="TRN_ATP_PEDESTRIAN_EXPERIENCE_INDEX_SEGMENTS"><geoObjTyp><GeoObjTypCd value="002" Sync="TRUE"></GeoObjTypCd></geoObjTyp><geoObjCnt Sync="TRUE">0</geoObjCnt></geometObjs><topLvl><TopoLevCd value="001" Sync="TRUE"></TopoLevCd></topLvl></VectSpatRep></spatRepInfo><spdoinfo><ptvctinf><esriterm Name="TRN_ATP_PEDESTRIAN_EXPERIENCE_INDEX_SEGMENTS"><efeatyp Sync="TRUE">Simple</efeatyp><efeageom code="3" Sync="TRUE"></efeageom><esritopo Sync="TRUE">FALSE</esritopo><efeacnt Sync="TRUE">0</efeacnt><spindex Sync="TRUE">FALSE</spindex><linrefer Sync="TRUE">FALSE</linrefer></esriterm></ptvctinf></spdoinfo><eainfo><detailed Name="TRN_ATP_PEDESTRIAN_EXPERIENCE_INDEX_SEGMENTS"><enttyp><enttypl Sync="TRUE">TRN_ATP_PEDESTRIAN_EXPERIENCE_INDEX_SEGMENTS</enttypl><enttypt Sync="TRUE">Feature Class</enttypt><enttypc Sync="TRUE">0</enttypc></enttyp><attr><attrlabl Sync="TRUE">FID</attrlabl><attalias Sync="TRUE">FID</attalias><attrtype Sync="TRUE">OID</attrtype><attwidth Sync="TRUE">4</attwidth><atprecis Sync="TRUE">0</atprecis><attscale Sync="TRUE">0</attscale><attrdef Sync="TRUE">Internal feature number.</attrdef><attrdefs Sync="TRUE">Esri</attrdefs><attrdomv><udom Sync="TRUE">Sequential unique whole numbers that are automatically generated.</udom></attrdomv></attr><attr><attrlabl Sync="TRUE">osm_id</attrlabl><attalias Sync="TRUE">osm_id</attalias><attrtype Sync="TRUE">Integer</attrtype><attwidth Sync="TRUE">10</attwidth><atprecis Sync="TRUE">10</atprecis><attscale Sync="TRUE">0</attscale></attr><attr><attrlabl Sync="TRUE">density</attrlabl><attalias Sync="TRUE">density</attalias><attrtype Sync="TRUE">String</attrtype><attwidth Sync="TRUE">254</attwidth><atprecis Sync="TRUE">0</atprecis><attscale Sync="TRUE">0</attscale></attr><attr><attrlabl Sync="TRUE">street_nam</attrlabl><attalias Sync="TRUE">street_nam</attalias><attrtype Sync="TRUE">String</attrtype><attwidth Sync="TRUE">254</attwidth><atprecis Sync="TRUE">0</atprecis><attscale Sync="TRUE">0</attscale></attr><attr><attrlabl Sync="TRUE">lanes</attrlabl><attalias Sync="TRUE">lanes</attalias><attrtype Sync="TRUE">Double</attrtype><attwidth Sync="TRUE">19</attwidth><atprecis Sync="TRUE">18</atprecis><attscale Sync="TRUE">8</attscale></attr><attr><attrlabl Sync="TRUE">sidewalk_c</attrlabl><attalias Sync="TRUE">sidewalk_c</attalias><attrtype Sync="TRUE">String</attrtype><attwidth Sync="TRUE">254</attwidth><atprecis Sync="TRUE">0</atprecis><attscale Sync="TRUE">0</attscale></attr><attr><attrlabl Sync="TRUE">sidewalk_r</attrlabl><attalias Sync="TRUE">sidewalk_r</attalias><attrtype Sync="TRUE">Integer</attrtype><attwidth Sync="TRUE">10</attwidth><atprecis Sync="TRUE">10</atprecis><attscale Sync="TRUE">0</attscale></attr><attr><attrlabl Sync="TRUE">speed_limi</attrlabl><attalias Sync="TRUE">speed_limi</attalias><attrtype Sync="TRUE">Double</attrtype><attwidth Sync="TRUE">19</attwidth><atprecis Sync="TRUE">18</atprecis><attscale Sync="TRUE">8</attscale></attr><attr><attrlabl Sync="TRUE">speed_li_1</attrlabl><attalias Sync="TRUE">speed_li_1</attalias><attrtype Sync="TRUE">Double</attrtype><attwidth Sync="TRUE">19</attwidth><atprecis Sync="TRUE">18</atprecis><attscale Sync="TRUE">8</attscale></attr><attr><attrlabl Sync="TRUE">lanes_rank</attrlabl><attalias Sync="TRUE">lanes_rank</attalias><attrtype Sync="TRUE">Double</attrtype><attwidth Sync="TRUE">19</attwidth><atprecis Sync="TRUE">18</atprecis><attscale Sync="TRUE">8</attscale></attr><attr><attrlabl Sync="TRUE">bridge</attrlabl><attalias Sync="TRUE">bridge</attalias><attrtype Sync="TRUE">Integer</attrtype><attwidth Sync="TRUE">10</attwidth><atprecis Sync="TRUE">10</atprecis><attscale Sync="TRUE">0</attscale></attr><attr><attrlabl Sync="TRUE">bike_lane_</attrlabl><attalias Sync="TRUE">bike_lane_</attalias><attrtype Sync="TRUE">Double</attrtype><attwidth Sync="TRUE">19</attwidth><atprecis Sync="TRUE">18</atprecis><attscale Sync="TRUE">8</attscale></attr><attr><attrlabl Sync="TRUE">parking_la</attrlabl><attalias Sync="TRUE">parking_la</attalias><attrtype Sync="TRUE">Integer</attrtype><attwidth Sync="TRUE">10</attwidth><atprecis Sync="TRUE">10</atprecis><attscale Sync="TRUE">0</attscale></attr><attr><attrlabl Sync="TRUE">addresses</attrlabl><attalias Sync="TRUE">addresses</attalias><attrtype Sync="TRUE">Integer</attrtype><attwidth Sync="TRUE">10</attwidth><atprecis Sync="TRUE">10</atprecis><attscale Sync="TRUE">0</attscale></attr><attr><attrlabl Sync="TRUE">Shape</attrlabl><attalias Sync="TRUE">Shape</attalias><attrtype Sync="TRUE">Geometry</attrtype><attwidth Sync="TRUE">0</attwidth><atprecis Sync="TRUE">0</atprecis><attscale Sync="TRUE">0</attscale><attrdef Sync="TRUE">Feature geometry.</attrdef><attrdefs Sync="TRUE">Esri</attrdefs><attrdomv><udom Sync="TRUE">Coordinates defining the features.</udom></attrdomv></attr><attr><attrlabl Sync="TRUE">addresses_</attrlabl><attalias Sync="TRUE">addresses_</attalias><attrtype Sync="TRUE">Double</attrtype><attwidth Sync="TRUE">19</attwidth><atprecis Sync="TRUE">18</atprecis><attscale Sync="TRUE">8</attscale></attr><attr><attrlabl Sync="TRUE">block_leng</attrlabl><attalias Sync="TRUE">block_leng</attalias><attrtype Sync="TRUE">Double</attrtype><attwidth Sync="TRUE">19</attwidth><atprecis Sync="TRUE">18</atprecis><attscale Sync="TRUE">8</attscale></attr><attr><attrlabl Sync="TRUE">block_le_1</attrlabl><attalias Sync="TRUE">block_le_1</attalias><attrtype Sync="TRUE">Integer</attrtype><attwidth Sync="TRUE">10</attwidth><atprecis Sync="TRUE">10</atprecis><attscale Sync="TRUE">0</attscale></attr><attr><attrlabl Sync="TRUE">block_le_2</attrlabl><attalias Sync="TRUE">block_le_2</attalias><attrtype Sync="TRUE">Double</attrtype><attwidth Sync="TRUE">19</attwidth><atprecis Sync="TRUE">18</atprecis><attscale Sync="TRUE">8</attscale></attr><attr><attrlabl Sync="TRUE">midblock_c</attrlabl><attalias Sync="TRUE">midblock_c</attalias><attrtype Sync="TRUE">Double</attrtype><attwidth Sync="TRUE">19</attwidth><atprecis Sync="TRUE">18</atprecis><attscale Sync="TRUE">8</attscale></attr><attr><attrlabl Sync="TRUE">pct_bldg_s</attrlabl><attalias Sync="TRUE">pct_bldg_s</attalias><attrtype Sync="TRUE">Double</attrtype><attwidth Sync="TRUE">19</attwidth><atprecis Sync="TRUE">18</atprecis><attscale Sync="TRUE">8</attscale></attr><attr><attrlabl Sync="TRUE">building_s</attrlabl><attalias Sync="TRUE">building_s</attalias><attrtype Sync="TRUE">Double</attrtype><attwidth Sync="TRUE">19</attwidth><atprecis Sync="TRUE">18</atprecis><attscale Sync="TRUE">8</attscale></attr><attr><attrlabl Sync="TRUE">driveway_c</attrlabl><attalias Sync="TRUE">driveway_c</attalias><attrtype Sync="TRUE">Double</attrtype><attwidth Sync="TRUE">19</attwidth><atprecis Sync="TRUE">18</atprecis><attscale Sync="TRUE">8</attscale></attr><attr><attrlabl Sync="TRUE">driveway_1</attrlabl><attalias Sync="TRUE">driveway_1</attalias><attrtype Sync="TRUE">Double</attrtype><attwidth Sync="TRUE">19</attwidth><atprecis Sync="TRUE">18</atprecis><attscale Sync="TRUE">8</attscale></attr><attr><attrlabl Sync="TRUE">adjacent_t</attrlabl><attalias Sync="TRUE">adjacent_t</attalias><attrtype Sync="TRUE">Integer</attrtype><attwidth Sync="TRUE">10</attwidth><atprecis Sync="TRUE">10</atprecis><attscale Sync="TRUE">0</attscale></attr><attr><attrlabl Sync="TRUE">pedestrian</attrlabl><attalias Sync="TRUE">pedestrian</attalias><attrtype Sync="TRUE">Double</attrtype><attwidth Sync="TRUE">19</attwidth><atprecis Sync="TRUE">18</atprecis><attscale Sync="TRUE">8</attscale></attr><attr><attrlabl Sync="TRUE">pedestri_1</attrlabl><attalias Sync="TRUE">pedestri_1</attalias><attrtype Sync="TRUE">Double</attrtype><attwidth Sync="TRUE">19</attwidth><atprecis Sync="TRUE">18</atprecis><attscale Sync="TRUE">8</attscale></attr><attr><attrlabl Sync="TRUE">geom_Lengt</attrlabl><attalias Sync="TRUE">geom_Lengt</attalias><attrtype Sync="TRUE">Double</attrtype><attwidth Sync="TRUE">19</attwidth><atprecis Sync="TRUE">18</atprecis><attscale Sync="TRUE">8</attscale></attr><attr><attrlabl Sync="TRUE">Shape_STLe</attrlabl><attalias Sync="TRUE">Shape_STLe</attalias><attrtype Sync="TRUE">Double</attrtype><attwidth Sync="TRUE">19</attwidth><atprecis Sync="TRUE">18</atprecis><attscale Sync="TRUE">8</attscale></attr><attr><attrlabl Sync="TRUE">Shape_ST_1</attrlabl><attalias Sync="TRUE">Shape_ST_1</attalias><attrtype Sync="TRUE">Double</attrtype><attwidth Sync="TRUE">19</attwidth><atprecis Sync="TRUE">18</atprecis><attscale Sync="TRUE">8</attscale></attr><attr><attrlabl Sync="TRUE">Shape_ST_2</attrlabl><attalias Sync="TRUE">Shape_ST_2</attalias><attrtype Sync="TRUE">Double</attrtype><attwidth Sync="TRUE">19</attwidth><atprecis Sync="TRUE">0</atprecis><attscale Sync="TRUE">0</attscale></attr></detailed></eainfo><mdDateSt Sync="TRUE">20240210</mdDateSt></metadata>
